{
  "generatedAt": "2026-05-30T13:24:27.500Z",
  "benchmarks": {
    "src/Bash.exec.bench.ts > Bash.exec (pipeline) :: cold — new instance + small pipeline": {
      "mean": 10.747596702127648,
      "hz": 93.04405698457545
    },
    "src/Bash.exec.bench.ts > Bash.exec (pipeline) :: warm — reused instance, ASTCache hot": {
      "mean": 0.18478807280117296,
      "hz": 5411.604682278241
    },
    "src/Bash.exec.bench.ts > Bash.exec (pipeline) :: warm — simple echo": {
      "mean": 0.11140487591891374,
      "hz": 8976.26779574578
    },
    "src/parser/ASTCache.bench.ts > ASTCache :: get (hit) — cached AST returned": {
      "mean": 0.001300613816675842,
      "hz": 768867.7355095595
    },
    "src/parser/ASTCache.bench.ts > ASTCache :: get (miss) — key hash, no entry": {
      "mean": 0.0002220987032993802,
      "hz": 4502502.649247978
    },
    "src/parser/ASTCache.bench.ts > ASTCache :: miss + reparse — realized cost of a cold key": {
      "mean": 0.03451268001104163,
      "hz": 28974.857927001623
    },
    "src/parser/ASTCache.bench.ts > ASTCache :: set — hash + insert + LRU eviction check": {
      "mean": 0.033389821168615275,
      "hz": 29949.246956133713
    },
    "src/parser/parser.bench.ts > parser :: parse representative script": {
      "mean": 0.13650432787333328,
      "hz": 7325.775054750879
    },
    "src/parser/parser.bench.ts > parser :: parse small one-liner": {
      "mean": 0.011542695346044619,
      "hz": 86634.87773180066
    }
  }
}
